Tank,Population,Temperature,Selection,Generation ,Week,Age,Weight
2,LTC1,L,C,7,1,55,0.185
2,LTC1,L,C,7,1,55,0.183
2,LTC1,L,C,7,1,55,0.12
2,LTC1,L,C,7,1,55,0.089
2,LTC1,L,C,7,1,55,0.305
2,LTC1,L,C,7,1,55,0.078
2,LTC1,L,C,7,1,55,0.101
2,LTC1,L,C,7,1,55,0.048
2,LTC1,L,C,7,1,55,0.108
2,LTC1,L,C,7,1,55,0.227
2,LTC1,L,C,7,1,55,0.129
2,LTC1,L,C,7,1,55,0.078
2,LTC1,L,C,7,1,55,0.102
2,LTC1,L,C,7,1,55,0.171
2,LTC1,L,C,7,1,55,0.051
2,LTC1,L,C,7,1,55,0.029
2,LTC1,L,C,7,1,55,0.256
2,LTC1,L,C,7,1,55,0.099
2,LTC1,L,C,7,1,55,0.16
2,LTC1,L,C,7,1,55,0.164
2,LTG1,L,G,7,1,55,0.014
2,LTG1,L,G,7,1,55,0.159
2,LTG1,L,G,7,1,55,0.297
2,LTG1,L,G,7,1,55,0.081
2,LTG1,L,G,7,1,55,0.031
2,LTG1,L,G,7,1,55,0.124
2,LTG1,L,G,7,1,55,0.166
2,LTG1,L,G,7,1,55,0.171
2,LTG1,L,G,7,1,55,0.024
2,LTG1,L,G,7,1,55,0.049
2,LTG1,L,G,7,1,55,0.076
2,LTG1,L,G,7,1,55,0.052
2,LTG1,L,G,7,1,55,0.052
2,LTG1,L,G,7,1,55,0.021
2,LTG1,L,G,7,1,55,0.047
2,LTG1,L,G,7,1,55,0.051
2,LTG1,L,G,7,1,55,0.06
2,LTG1,L,G,7,1,55,0.136
2,LTG1,L,G,7,1,55,0.055
2,LTG1,L,G,7,1,55,0.179
2,LTS1,L,S,7,1,55,0.164
2,LTS1,L,S,7,1,55,0.149
2,LTS1,L,S,7,1,55,0.114
2,LTS1,L,S,7,1,55,0.257
2,LTS1,L,S,7,1,55,0.169
2,LTS1,L,S,7,1,55,0.12
2,LTS1,L,S,7,1,55,0.112
2,LTS1,L,S,7,1,55,0.073
2,LTS1,L,S,7,1,55,0.052
2,LTS1,L,S,7,1,55,0.214
2,LTS1,L,S,7,1,55,0.052
2,LTS1,L,S,7,1,55,0.047
2,LTS1,L,S,7,1,55,0.051
2,LTS1,L,S,7,1,55,0.085
2,LTS1,L,S,7,1,55,0.03
2,LTS1,L,S,7,1,55,0.106
2,LTS1,L,S,7,1,55,0.123
2,LTS1,L,S,7,1,55,0.027
2,LTS1,L,S,7,1,55,0.012
2,LTS1,L,S,7,1,55,0.162
4,LTG2,L,G,7,1,55,0.179
4,LTG2,L,G,7,1,55,0.179
4,LTG2,L,G,7,1,55,0.217
4,LTG2,L,G,7,1,55,0.184
4,LTG2,L,G,7,1,55,0.034
4,LTG2,L,G,7,1,55,0.243
4,LTG2,L,G,7,1,55,0.171
4,LTG2,L,G,7,1,55,0.254
4,LTG2,L,G,7,1,55,0.07
4,LTG2,L,G,7,1,55,0.108
4,LTG2,L,G,7,1,55,0.157
4,LTG2,L,G,7,1,55,0.06
4,LTG2,L,G,7,1,55,0.081
4,LTG2,L,G,7,1,55,0.103
4,LTG2,L,G,7,1,55,0.081
4,LTG2,L,G,7,1,55,0.074
4,LTG2,L,G,7,1,55,0.044
4,LTG2,L,G,7,1,55,0.072
4,LTG2,L,G,7,1,55,0.107
4,LTG2,L,G,7,1,55,0.136
4,LTC2,L,C,7,1,55,0.128
4,LTC2,L,C,7,1,55,0.143
4,LTC2,L,C,7,1,55,0.135
4,LTC2,L,C,7,1,55,0.223
4,LTC2,L,C,7,1,55,0.166
4,LTC2,L,C,7,1,55,0.008
4,LTC2,L,C,7,1,55,0.132
4,LTC2,L,C,7,1,55,0.152
4,LTC2,L,C,7,1,55,0.081
4,LTC2,L,C,7,1,55,0.082
4,LTC2,L,C,7,1,55,0.174
4,LTC2,L,C,7,1,55,0.044
4,LTC2,L,C,7,1,55,0.02
4,LTC2,L,C,7,1,55,0.065
4,LTC2,L,C,7,1,55,0.181
4,LTC2,L,C,7,1,55,0.035
4,LTC2,L,C,7,1,55,0.051
4,LTC2,L,C,7,1,55,0.14
4,LTC2,L,C,7,1,55,0.091
4,LTC2,L,C,7,1,55,0.04
4,LTS2,L,S,7,1,55,0.173
4,LTS2,L,S,7,1,55,0.051
4,LTS2,L,S,7,1,55,0.188
4,LTS2,L,S,7,1,55,0.107
4,LTS2,L,S,7,1,55,0.07
4,LTS2,L,S,7,1,55,0.165
4,LTS2,L,S,7,1,55,0.107
4,LTS2,L,S,7,1,55,0.127
4,LTS2,L,S,7,1,55,0.093
4,LTS2,L,S,7,1,55,0.037
4,LTS2,L,S,7,1,55,0.077
4,LTS2,L,S,7,1,55,0.116
4,LTS2,L,S,7,1,55,0.161
4,LTS2,L,S,7,1,55,0.093
4,LTS2,L,S,7,1,55,0.025
4,LTS2,L,S,7,1,55,0.056
4,LTS2,L,S,7,1,55,0.032
4,LTS2,L,S,7,1,55,0.023
4,LTS2,L,S,7,1,55,0.04
4,LTS2,L,S,7,1,55,0.064
5,LTC3,L,C,7,1,55,0.126
5,LTC3,L,C,7,1,55,0.076
5,LTC3,L,C,7,1,55,0.083
5,LTC3,L,C,7,1,55,0.106
5,LTC3,L,C,7,1,55,0.179
5,LTC3,L,C,7,1,55,0.076
5,LTC3,L,C,7,1,55,0.251
5,LTC3,L,C,7,1,55,0.102
5,LTC3,L,C,7,1,55,0.174
5,LTC3,L,C,7,1,55,0.239
5,LTC3,L,C,7,1,55,0.071
5,LTC3,L,C,7,1,55,0.06
5,LTC3,L,C,7,1,55,0.148
5,LTC3,L,C,7,1,55,0.027
5,LTC3,L,C,7,1,55,0.068
5,LTC3,L,C,7,1,55,0.089
5,LTC3,L,C,7,1,55,0.261
5,LTC3,L,C,7,1,55,0.068
5,LTC3,L,C,7,1,55,0.07
5,LTC3,L,C,7,1,55,0.064
5,LTS3,L,S,7,1,55,0.138
5,LTS3,L,S,7,1,55,0.035
5,LTS3,L,S,7,1,55,0.11
5,LTS3,L,S,7,1,55,0.081
5,LTS3,L,S,7,1,55,0.058
5,LTS3,L,S,7,1,55,0.195
5,LTS3,L,S,7,1,55,0.036
5,LTS3,L,S,7,1,55,0.163
5,LTS3,L,S,7,1,55,0.052
5,LTS3,L,S,7,1,55,0.075
5,LTS3,L,S,7,1,55,0.117
5,LTS3,L,S,7,1,55,0.043
5,LTS3,L,S,7,1,55,0.051
5,LTS3,L,S,7,1,55,0.089
5,LTS3,L,S,7,1,55,0.063
5,LTS3,L,S,7,1,55,0.058
5,LTS3,L,S,7,1,55,0.073
5,LTS3,L,S,7,1,55,0.14
5,LTS3,L,S,7,1,55,0.172
5,LTS3,L,S,7,1,55,0.072
5,LTG3,L,G,7,1,55,0.07
5,LTG3,L,G,7,1,55,0.13
5,LTG3,L,G,7,1,55,0.105
5,LTG3,L,G,7,1,55,0.201
5,LTG3,L,G,7,1,55,0.094
5,LTG3,L,G,7,1,55,0.12
5,LTG3,L,G,7,1,55,0.053
5,LTG3,L,G,7,1,55,0.022
5,LTG3,L,G,7,1,55,0.208
5,LTG3,L,G,7,1,55,0.06
5,LTG3,L,G,7,1,55,0.172
5,LTG3,L,G,7,1,55,0.157
5,LTG3,L,G,7,1,55,0.057
5,LTG3,L,G,7,1,55,0.123
5,LTG3,L,G,7,1,55,0.101
5,LTG3,L,G,7,1,55,0.033
5,LTG3,L,G,7,1,55,0.043
5,LTG3,L,G,7,1,55,0.058
5,LTG3,L,G,7,1,55,0.032
5,LTG3,L,G,7,1,55,0.185
2,LTC1,L,C,7,2,62,0.149
2,LTC1,L,C,7,2,62,0.384
2,LTC1,L,C,7,2,62,0.282
2,LTC1,L,C,7,2,62,0.079
2,LTC1,L,C,7,2,62,0.456
2,LTC1,L,C,7,2,62,0.331
2,LTC1,L,C,7,2,62,0.274
2,LTC1,L,C,7,2,62,0.21
2,LTC1,L,C,7,2,62,0.222
2,LTC1,L,C,7,2,62,0.077
2,LTC1,L,C,7,2,62,0.157
2,LTC1,L,C,7,2,62,0.183
2,LTC1,L,C,7,2,62,0.113
2,LTC1,L,C,7,2,62,0.064
2,LTC1,L,C,7,2,62,0.191
2,LTC1,L,C,7,2,62,0.168
2,LTC1,L,C,7,2,62,0.225
2,LTC1,L,C,7,2,62,0.066
2,LTC1,L,C,7,2,62,0.065
2,LTC1,L,C,7,2,62,0.159
2,LTG1,L,G,7,2,62,0.126
2,LTG1,L,G,7,2,62,0.221
2,LTG1,L,G,7,2,62,0.33
2,LTG1,L,G,7,2,62,0.303
2,LTG1,L,G,7,2,62,0.177
2,LTG1,L,G,7,2,62,0.406
2,LTG1,L,G,7,2,62,0.066
2,LTG1,L,G,7,2,62,0.256
2,LTG1,L,G,7,2,62,0.245
2,LTG1,L,G,7,2,62,0.177
2,LTG1,L,G,7,2,62,0.175
2,LTG1,L,G,7,2,62,0.077
2,LTG1,L,G,7,2,62,0.296
2,LTG1,L,G,7,2,62,0.182
2,LTG1,L,G,7,2,62,0.202
2,LTG1,L,G,7,2,62,0.269
2,LTG1,L,G,7,2,62,0.277
2,LTG1,L,G,7,2,62,0.394
2,LTG1,L,G,7,2,62,0.298
2,LTG1,L,G,7,2,62,0.445
2,LTS1,L,S,7,2,62,0.264
2,LTS1,L,S,7,2,62,0.172
2,LTS1,L,S,7,2,62,0.268
2,LTS1,L,S,7,2,62,0.14
2,LTS1,L,S,7,2,62,0.277
2,LTS1,L,S,7,2,62,0.257
2,LTS1,L,S,7,2,62,0.2
2,LTS1,L,S,7,2,62,0.179
2,LTS1,L,S,7,2,62,0.288
2,LTS1,L,S,7,2,62,0.441
2,LTS1,L,S,7,2,62,0.254
2,LTS1,L,S,7,2,62,0.113
2,LTS1,L,S,7,2,62,0.096
2,LTS1,L,S,7,2,62,0.1
2,LTS1,L,S,7,2,62,0.163
2,LTS1,L,S,7,2,62,0.216
2,LTS1,L,S,7,2,62,0.16
2,LTS1,L,S,7,2,62,0.255
2,LTS1,L,S,7,2,62,0.075
2,LTS1,L,S,7,2,62,0.142
4,LTG2,L,G,7,2,62,0.159
4,LTG2,L,G,7,2,62,0.17
4,LTG2,L,G,7,2,62,0.219
4,LTG2,L,G,7,2,62,0.106
4,LTG2,L,G,7,2,62,0.292
4,LTG2,L,G,7,2,62,0.036
4,LTG2,L,G,7,2,62,0.129
4,LTG2,L,G,7,2,62,0.084
4,LTG2,L,G,7,2,62,0.188
4,LTG2,L,G,7,2,62,0.269
4,LTG2,L,G,7,2,62,0.073
4,LTG2,L,G,7,2,62,0.116
4,LTG2,L,G,7,2,62,0.079
4,LTG2,L,G,7,2,62,0.087
4,LTG2,L,G,7,2,62,0.052
4,LTG2,L,G,7,2,62,0.067
4,LTG2,L,G,7,2,62,0.481
4,LTG2,L,G,7,2,62,0.208
4,LTG2,L,G,7,2,62,0.117
4,LTG2,L,G,7,2,62,0.084
4,LTC2,L,C,7,2,62,0.199
4,LTC2,L,C,7,2,62,0.176
4,LTC2,L,C,7,2,62,0.255
4,LTC2,L,C,7,2,62,0.184
4,LTC2,L,C,7,2,62,0.304
4,LTC2,L,C,7,2,62,0.108
4,LTC2,L,C,7,2,62,0.315
4,LTC2,L,C,7,2,62,0.112
4,LTC2,L,C,7,2,62,0.288
4,LTC2,L,C,7,2,62,0.058
4,LTC2,L,C,7,2,62,0.177
4,LTC2,L,C,7,2,62,0.341
4,LTC2,L,C,7,2,62,0.042
4,LTC2,L,C,7,2,62,0.114
4,LTC2,L,C,7,2,62,0.171
4,LTC2,L,C,7,2,62,0.363
4,LTC2,L,C,7,2,62,0.062
4,LTC2,L,C,7,2,62,0.101
4,LTC2,L,C,7,2,62,0.298
4,LTC2,L,C,7,2,62,0.204
4,LTS2,L,S,7,2,62,0.083
4,LTS2,L,S,7,2,62,0.231
4,LTS2,L,S,7,2,62,0.081
4,LTS2,L,S,7,2,62,0.216
4,LTS2,L,S,7,2,62,0.094
4,LTS2,L,S,7,2,62,0.126
4,LTS2,L,S,7,2,62,0.267
4,LTS2,L,S,7,2,62,0.171
4,LTS2,L,S,7,2,62,0.087
4,LTS2,L,S,7,2,62,0.066
4,LTS2,L,S,7,2,62,0.212
4,LTS2,L,S,7,2,62,0.084
4,LTS2,L,S,7,2,62,0.066
4,LTS2,L,S,7,2,62,0.162
4,LTS2,L,S,7,2,62,0.23
4,LTS2,L,S,7,2,62,0.098
4,LTS2,L,S,7,2,62,0.071
4,LTS2,L,S,7,2,62,0.111
4,LTS2,L,S,7,2,62,0.145
4,LTS2,L,S,7,2,62,0.302
5,LTC3,L,C,7,2,62,0.105
5,LTC3,L,C,7,2,62,0.135
5,LTC3,L,C,7,2,62,0.151
5,LTC3,L,C,7,2,62,0.091
5,LTC3,L,C,7,2,62,0.06
5,LTC3,L,C,7,2,62,0.204
5,LTC3,L,C,7,2,62,0.185
5,LTC3,L,C,7,2,62,0.142
5,LTC3,L,C,7,2,62,0.098
5,LTC3,L,C,7,2,62,0.032
5,LTC3,L,C,7,2,62,0.111
5,LTC3,L,C,7,2,62,0.103
5,LTC3,L,C,7,2,62,0.191
5,LTC3,L,C,7,2,62,0.133
5,LTC3,L,C,7,2,62,0.303
5,LTC3,L,C,7,2,62,0.194
5,LTC3,L,C,7,2,62,0.053
5,LTC3,L,C,7,2,62,0.18
5,LTC3,L,C,7,2,62,0.12
5,LTC3,L,C,7,2,62,0.049
5,LTS3,L,S,7,2,62,0.096
5,LTS3,L,S,7,2,62,0.152
5,LTS3,L,S,7,2,62,0.047
5,LTS3,L,S,7,2,62,0.303
5,LTS3,L,S,7,2,62,0.119
5,LTS3,L,S,7,2,62,0.128
5,LTS3,L,S,7,2,62,0.076
5,LTS3,L,S,7,2,62,0.38
5,LTS3,L,S,7,2,62,0.101
5,LTS3,L,S,7,2,62,0.096
5,LTS3,L,S,7,2,62,0.177
5,LTS3,L,S,7,2,62,0.118
5,LTS3,L,S,7,2,62,0.078
5,LTS3,L,S,7,2,62,0.121
5,LTS3,L,S,7,2,62,0.126
5,LTS3,L,S,7,2,62,0.163
5,LTS3,L,S,7,2,62,0.177
5,LTS3,L,S,7,2,62,0.279
5,LTS3,L,S,7,2,62,0.166
5,LTS3,L,S,7,2,62,0.095
5,LTG3,L,G,7,2,62,0.334
5,LTG3,L,G,7,2,62,0.206
5,LTG3,L,G,7,2,62,0.12
5,LTG3,L,G,7,2,62,0.142
5,LTG3,L,G,7,2,62,0.238
5,LTG3,L,G,7,2,62,0.24
5,LTG3,L,G,7,2,62,0.186
5,LTG3,L,G,7,2,62,0.247
5,LTG3,L,G,7,2,62,0.318
5,LTG3,L,G,7,2,62,0.197
5,LTG3,L,G,7,2,62,0.092
5,LTG3,L,G,7,2,62,0.141
5,LTG3,L,G,7,2,62,0.215
5,LTG3,L,G,7,2,62,0.205
5,LTG3,L,G,7,2,62,0.382
5,LTG3,L,G,7,2,62,0.214
5,LTG3,L,G,7,2,62,0.087
5,LTG3,L,G,7,2,62,0.202
5,LTG3,L,G,7,2,62,0.238
5,LTG3,L,G,7,2,62,0.244
2,LTC1,L,C,7,3,69,0.171
2,LTC1,L,C,7,3,69,0.156
2,LTC1,L,C,7,3,69,0.123
2,LTC1,L,C,7,3,69,0.203
2,LTC1,L,C,7,3,69,0.366
2,LTC1,L,C,7,3,69,0.223
2,LTC1,L,C,7,3,69,0.413
2,LTC1,L,C,7,3,69,0.122
2,LTC1,L,C,7,3,69,0.199
2,LTC1,L,C,7,3,69,0.277
2,LTC1,L,C,7,3,69,0.286
2,LTC1,L,C,7,3,69,0.124
2,LTC1,L,C,7,3,69,0.263
2,LTC1,L,C,7,3,69,0.238
2,LTC1,L,C,7,3,69,0.139
2,LTC1,L,C,7,3,69,0.321
2,LTC1,L,C,7,3,69,0.156
2,LTC1,L,C,7,3,69,0.38
2,LTC1,L,C,7,3,69,0.594
2,LTC1,L,C,7,3,69,0.257
2,LTG1,L,G,7,3,69,0.3
2,LTG1,L,G,7,3,69,0.307
2,LTG1,L,G,7,3,69,0.344
2,LTG1,L,G,7,3,69,0.145
2,LTG1,L,G,7,3,69,0.149
2,LTG1,L,G,7,3,69,0.374
2,LTG1,L,G,7,3,69,0.469
2,LTG1,L,G,7,3,69,0.387
2,LTG1,L,G,7,3,69,0.427
2,LTG1,L,G,7,3,69,0.293
2,LTG1,L,G,7,3,69,0.365
2,LTG1,L,G,7,3,69,0.346
2,LTG1,L,G,7,3,69,0.294
2,LTG1,L,G,7,3,69,0.246
2,LTG1,L,G,7,3,69,0.422
2,LTG1,L,G,7,3,69,0.492
2,LTG1,L,G,7,3,69,0.427
2,LTG1,L,G,7,3,69,0.191
2,LTG1,L,G,7,3,69,0.262
2,LTG1,L,G,7,3,69,0.267
2,LTS1,L,S,7,3,69,0.37
2,LTS1,L,S,7,3,69,0.186
2,LTS1,L,S,7,3,69,0.469
2,LTS1,L,S,7,3,69,0.486
2,LTS1,L,S,7,3,69,0.225
2,LTS1,L,S,7,3,69,0.183
2,LTS1,L,S,7,3,69,0.359
2,LTS1,L,S,7,3,69,0.312
2,LTS1,L,S,7,3,69,0.55
2,LTS1,L,S,7,3,69,0.514
2,LTS1,L,S,7,3,69,0.378
2,LTS1,L,S,7,3,69,0.37
2,LTS1,L,S,7,3,69,0.207
2,LTS1,L,S,7,3,69,0.337
2,LTS1,L,S,7,3,69,0.176
2,LTS1,L,S,7,3,69,0.448
2,LTS1,L,S,7,3,69,0.173
2,LTS1,L,S,7,3,69,0.187
2,LTS1,L,S,7,3,69,0.375
2,LTS1,L,S,7,3,69,0.17
4,LTG2,L,G,7,3,69,0.462
4,LTG2,L,G,7,3,69,0.174
4,LTG2,L,G,7,3,69,0.324
4,LTG2,L,G,7,3,69,0.256
4,LTG2,L,G,7,3,69,0.466
4,LTG2,L,G,7,3,69,0.272
4,LTG2,L,G,7,3,69,0.278
4,LTG2,L,G,7,3,69,0.238
4,LTG2,L,G,7,3,69,0.201
4,LTG2,L,G,7,3,69,0.42
4,LTG2,L,G,7,3,69,0.482
4,LTG2,L,G,7,3,69,0.434
4,LTG2,L,G,7,3,69,0.324
4,LTG2,L,G,7,3,69,0.376
4,LTG2,L,G,7,3,69,0.12
4,LTG2,L,G,7,3,69,0.27
4,LTG2,L,G,7,3,69,0.318
4,LTG2,L,G,7,3,69,0.337
4,LTG2,L,G,7,3,69,0.309
4,LTG2,L,G,7,3,69,0.284
4,LTC2,L,C,7,3,69,0.195
4,LTC2,L,C,7,3,69,0.414
4,LTC2,L,C,7,3,69,0.255
4,LTC2,L,C,7,3,69,0.078
4,LTC2,L,C,7,3,69,0.226
4,LTC2,L,C,7,3,69,0.38
4,LTC2,L,C,7,3,69,0.375
4,LTC2,L,C,7,3,69,0.365
4,LTC2,L,C,7,3,69,0.393
4,LTC2,L,C,7,3,69,0.526
4,LTC2,L,C,7,3,69,0.157
4,LTC2,L,C,7,3,69,0.316
4,LTC2,L,C,7,3,69,0.24
4,LTC2,L,C,7,3,69,0.437
4,LTC2,L,C,7,3,69,0.21
4,LTC2,L,C,7,3,69,0.416
4,LTC2,L,C,7,3,69,0.269
4,LTC2,L,C,7,3,69,0.474
4,LTC2,L,C,7,3,69,0.069
4,LTC2,L,C,7,3,69,0.547
4,LTS2,L,S,7,3,69,0.146
4,LTS2,L,S,7,3,69,0.375
4,LTS2,L,S,7,3,69,0.273
4,LTS2,L,S,7,3,69,0.11
4,LTS2,L,S,7,3,69,0.154
4,LTS2,L,S,7,3,69,0.156
4,LTS2,L,S,7,3,69,0.42
4,LTS2,L,S,7,3,69,0.217
4,LTS2,L,S,7,3,69,0.336
4,LTS2,L,S,7,3,69,0.395
4,LTS2,L,S,7,3,69,0.36
4,LTS2,L,S,7,3,69,0.287
4,LTS2,L,S,7,3,69,0.117
4,LTS2,L,S,7,3,69,0.203
4,LTS2,L,S,7,3,69,0.376
4,LTS2,L,S,7,3,69,0.323
4,LTS2,L,S,7,3,69,0.139
4,LTS2,L,S,7,3,69,0.067
4,LTS2,L,S,7,3,69,0.315
5,LTC3,L,C,7,3,69,0.342
5,LTC3,L,C,7,3,69,0.332
5,LTC3,L,C,7,3,69,0.394
5,LTC3,L,C,7,3,69,0.103
5,LTC3,L,C,7,3,69,0.254
5,LTC3,L,C,7,3,69,0.287
5,LTC3,L,C,7,3,69,0.16
5,LTC3,L,C,7,3,69,0.105
5,LTC3,L,C,7,3,69,0.457
5,LTC3,L,C,7,3,69,0.337
5,LTC3,L,C,7,3,69,0.4
5,LTC3,L,C,7,3,69,0.306
5,LTC3,L,C,7,3,69,0.473
5,LTC3,L,C,7,3,69,0.074
5,LTC3,L,C,7,3,69,0.349
5,LTC3,L,C,7,3,69,0.239
5,LTC3,L,C,7,3,69,0.364
5,LTC3,L,C,7,3,69,0.158
5,LTC3,L,C,7,3,69,0.186
5,LTC3,L,C,7,3,69,0.2
5,LTS3,L,S,7,3,69,0.141
5,LTS3,L,S,7,3,69,0.504
5,LTS3,L,S,7,3,69,0.215
5,LTS3,L,S,7,3,69,0.213
5,LTS3,L,S,7,3,69,0.059
5,LTS3,L,S,7,3,69,0.17
5,LTS3,L,S,7,3,69,0.525
5,LTS3,L,S,7,3,69,0.285
5,LTS3,L,S,7,3,69,0.208
5,LTS3,L,S,7,3,69,0.198
5,LTS3,L,S,7,3,69,0.236
5,LTS3,L,S,7,3,69,0.327
5,LTS3,L,S,7,3,69,0.376
5,LTS3,L,S,7,3,69,0.324
5,LTS3,L,S,7,3,69,0.272
5,LTS3,L,S,7,3,69,0.378
5,LTS3,L,S,7,3,69,0.402
5,LTS3,L,S,7,3,69,0.374
5,LTS3,L,S,7,3,69,0.107
5,LTS3,L,S,7,3,69,0.317
5,LTG3,L,G,7,3,69,0.304
5,LTG3,L,G,7,3,69,0.464
5,LTG3,L,G,7,3,69,0.325
5,LTG3,L,G,7,3,69,0.265
5,LTG3,L,G,7,3,69,0.236
5,LTG3,L,G,7,3,69,0.149
5,LTG3,L,G,7,3,69,0.271
5,LTG3,L,G,7,3,69,0.212
5,LTG3,L,G,7,3,69,0.312
5,LTG3,L,G,7,3,69,0.275
5,LTG3,L,G,7,3,69,0.517
5,LTG3,L,G,7,3,69,0.098
5,LTG3,L,G,7,3,69,0.317
5,LTG3,L,G,7,3,69,0.16
5,LTG3,L,G,7,3,69,0.385
5,LTG3,L,G,7,3,69,0.624
5,LTG3,L,G,7,3,69,0.145
5,LTG3,L,G,7,3,69,0.109
5,LTG3,L,G,7,3,69,0.261
5,LTG3,L,G,7,3,69,0.385
2,LTC1,L,C,7,4,76,0.325
2,LTC1,L,C,7,4,76,0.32
2,LTC1,L,C,7,4,76,0.38
2,LTC1,L,C,7,4,76,0.325
2,LTC1,L,C,7,4,76,0.392
2,LTC1,L,C,7,4,76,0.457
2,LTC1,L,C,7,4,76,0.588
2,LTC1,L,C,7,4,76,0.459
2,LTC1,L,C,7,4,76,0.621
2,LTC1,L,C,7,4,76,0.31
2,LTC1,L,C,7,4,76,0.698
2,LTC1,L,C,7,4,76,0.363
2,LTC1,L,C,7,4,76,0.475
2,LTC1,L,C,7,4,76,0.295
2,LTC1,L,C,7,4,76,0.335
2,LTC1,L,C,7,4,76,0.319
2,LTC1,L,C,7,4,76,0.38
2,LTC1,L,C,7,4,76,0.519
2,LTC1,L,C,7,4,76,0.236
2,LTC1,L,C,7,4,76,0.158
2,LTG1,L,G,7,4,76,0.127
2,LTG1,L,G,7,4,76,0.508
2,LTG1,L,G,7,4,76,0.278
2,LTG1,L,G,7,4,76,0.241
2,LTG1,L,G,7,4,76,0.347
2,LTG1,L,G,7,4,76,0.333
2,LTG1,L,G,7,4,76,0.403
2,LTG1,L,G,7,4,76,0.461
2,LTG1,L,G,7,4,76,0.388
2,LTG1,L,G,7,4,76,0.433
2,LTG1,L,G,7,4,76,0.372
2,LTG1,L,G,7,4,76,0.428
2,LTG1,L,G,7,4,76,0.498
2,LTG1,L,G,7,4,76,0.461
2,LTG1,L,G,7,4,76,0.285
2,LTG1,L,G,7,4,76,0.291
2,LTG1,L,G,7,4,76,0.672
2,LTG1,L,G,7,4,76,0.297
2,LTG1,L,G,7,4,76,0.294
2,LTG1,L,G,7,4,76,0.373
2,LTS1,L,S,7,4,76,0.239
2,LTS1,L,S,7,4,76,0.5
2,LTS1,L,S,7,4,76,0.622
2,LTS1,L,S,7,4,76,0.93
2,LTS1,L,S,7,4,76,0.503
2,LTS1,L,S,7,4,76,0.412
2,LTS1,L,S,7,4,76,0.315
2,LTS1,L,S,7,4,76,0.353
2,LTS1,L,S,7,4,76,0.289
2,LTS1,L,S,7,4,76,0.277
2,LTS1,L,S,7,4,76,0.485
2,LTS1,L,S,7,4,76,0.562
2,LTS1,L,S,7,4,76,0.468
2,LTS1,L,S,7,4,76,0.335
2,LTS1,L,S,7,4,76,0.317
2,LTS1,L,S,7,4,76,0.278
2,LTS1,L,S,7,4,76,0.347
2,LTS1,L,S,7,4,76,0.314
2,LTS1,L,S,7,4,76,0.43
2,LTS1,L,S,7,4,76,0.302
4,LTG2,L,G,7,4,76,0.506
4,LTG2,L,G,7,4,76,0.43
4,LTG2,L,G,7,4,76,0.676
4,LTG2,L,G,7,4,76,0.622
4,LTG2,L,G,7,4,76,0.389
4,LTG2,L,G,7,4,76,0.508
4,LTG2,L,G,7,4,76,0.336
4,LTG2,L,G,7,4,76,0.444
4,LTG2,L,G,7,4,76,0.232
4,LTG2,L,G,7,4,76,0.551
4,LTG2,L,G,7,4,76,0.502
4,LTG2,L,G,7,4,76,0.318
4,LTG2,L,G,7,4,76,0.398
4,LTG2,L,G,7,4,76,0.251
4,LTG2,L,G,7,4,76,0.304
4,LTG2,L,G,7,4,76,0.181
4,LTG2,L,G,7,4,76,0.516
4,LTG2,L,G,7,4,76,0.602
4,LTG2,L,G,7,4,76,0.375
4,LTG2,L,G,7,4,76,0.268
4,LTC2,L,C,7,4,76,0.326
4,LTC2,L,C,7,4,76,0.622
4,LTC2,L,C,7,4,76,0.286
4,LTC2,L,C,7,4,76,0.654
4,LTC2,L,C,7,4,76,0.231
4,LTC2,L,C,7,4,76,0.601
4,LTC2,L,C,7,4,76,0.277
4,LTC2,L,C,7,4,76,0.463
4,LTC2,L,C,7,4,76,0.49
4,LTC2,L,C,7,4,76,0.343
4,LTC2,L,C,7,4,76,0.166
4,LTC2,L,C,7,4,76,0.447
4,LTC2,L,C,7,4,76,0.407
4,LTC2,L,C,7,4,76,0.462
4,LTC2,L,C,7,4,76,0.501
4,LTC2,L,C,7,4,76,0.397
4,LTC2,L,C,7,4,76,0.549
4,LTC2,L,C,7,4,76,0.316
4,LTC2,L,C,7,4,76,0.214
4,LTC2,L,C,7,4,76,0.263
4,LTS2,L,S,7,4,76,0.42
4,LTS2,L,S,7,4,76,0.719
4,LTS2,L,S,7,4,76,0.714
4,LTS2,L,S,7,4,76,0.428
4,LTS2,L,S,7,4,76,0.456
4,LTS2,L,S,7,4,76,0.391
4,LTS2,L,S,7,4,76,0.37
4,LTS2,L,S,7,4,76,0.368
4,LTS2,L,S,7,4,76,0.594
4,LTS2,L,S,7,4,76,0.526
4,LTS2,L,S,7,4,76,0.487
4,LTS2,L,S,7,4,76,0.419
4,LTS2,L,S,7,4,76,0.503
4,LTS2,L,S,7,4,76,0.482
4,LTS2,L,S,7,4,76,0.528
4,LTS2,L,S,7,4,76,0.283
4,LTS2,L,S,7,4,76,0.56
4,LTS2,L,S,7,4,76,0.222
4,LTS2,L,S,7,4,76,0.467
4,LTS2,L,S,7,4,76,0.435
5,LTC3,L,C,7,4,76,0.486
5,LTC3,L,C,7,4,76,0.336
5,LTC3,L,C,7,4,76,0.229
5,LTC3,L,C,7,4,76,0.629
5,LTC3,L,C,7,4,76,0.587
5,LTC3,L,C,7,4,76,0.24
5,LTC3,L,C,7,4,76,0.341
5,LTC3,L,C,7,4,76,0.595
5,LTC3,L,C,7,4,76,0.381
5,LTC3,L,C,7,4,76,0.204
5,LTC3,L,C,7,4,76,0.336
5,LTC3,L,C,7,4,76,0.463
5,LTC3,L,C,7,4,76,0.454
5,LTC3,L,C,7,4,76,0.312
5,LTC3,L,C,7,4,76,0.22
5,LTC3,L,C,7,4,76,0.531
5,LTC3,L,C,7,4,76,0.39
5,LTC3,L,C,7,4,76,0.537
5,LTC3,L,C,7,4,76,0.426
5,LTC3,L,C,7,4,76,0.467
5,LTS3,L,S,7,4,76,0.298
5,LTS3,L,S,7,4,76,0.446
5,LTS3,L,S,7,4,76,0.468
5,LTS3,L,S,7,4,76,0.427
5,LTS3,L,S,7,4,76,0.246
5,LTS3,L,S,7,4,76,0.647
5,LTS3,L,S,7,4,76,0.384
5,LTS3,L,S,7,4,76,0.507
5,LTS3,L,S,7,4,76,0.256
5,LTS3,L,S,7,4,76,0.386
5,LTS3,L,S,7,4,76,0.278
5,LTS3,L,S,7,4,76,0.183
5,LTS3,L,S,7,4,76,0.288
5,LTS3,L,S,7,4,76,0.333
5,LTS3,L,S,7,4,76,0.426
5,LTS3,L,S,7,4,76,0.125
5,LTS3,L,S,7,4,76,0.235
5,LTS3,L,S,7,4,76,0.148
5,LTS3,L,S,7,4,76,0.205
5,LTS3,L,S,7,4,76,0.06
5,LTG3,L,G,7,4,76,0.337
5,LTG3,L,G,7,4,76,0.735
5,LTG3,L,G,7,4,76,0.598
5,LTG3,L,G,7,4,76,0.69
5,LTG3,L,G,7,4,76,0.66
5,LTG3,L,G,7,4,76,0.532
5,LTG3,L,G,7,4,76,0.392
5,LTG3,L,G,7,4,76,0.143
5,LTG3,L,G,7,4,76,0.24
5,LTG3,L,G,7,4,76,0.382
5,LTG3,L,G,7,4,76,0.451
5,LTG3,L,G,7,4,76,0.652
5,LTG3,L,G,7,4,76,0.314
5,LTG3,L,G,7,4,76,0.513
5,LTG3,L,G,7,4,76,0.392
5,LTG3,L,G,7,4,76,0.235
5,LTG3,L,G,7,4,76,0.44
5,LTG3,L,G,7,4,76,0.208
5,LTG3,L,G,7,4,76,0.145
5,LTG3,L,G,7,4,76,0.21
2,LTC1,L,C,7,5,83,0.455
2,LTC1,L,C,7,5,83,0.443
2,LTC1,L,C,7,5,83,0.575
2,LTC1,L,C,7,5,83,0.651
2,LTC1,L,C,7,5,83,0.508
2,LTC1,L,C,7,5,83,0.62
2,LTC1,L,C,7,5,83,0.372
2,LTC1,L,C,7,5,83,0.36
2,LTC1,L,C,7,5,83,0.244
2,LTC1,L,C,7,5,83,0.478
2,LTC1,L,C,7,5,83,0.453
2,LTC1,L,C,7,5,83,0.291
2,LTC1,L,C,7,5,83,0.412
2,LTC1,L,C,7,5,83,0.386
2,LTC1,L,C,7,5,83,0.263
2,LTC1,L,C,7,5,83,0.605
2,LTC1,L,C,7,5,83,0.61
2,LTC1,L,C,7,5,83,0.31
2,LTC1,L,C,7,5,83,0.417
2,LTC1,L,C,7,5,83,0.478
2,LTG1,L,G,7,5,83,0.763
2,LTG1,L,G,7,5,83,0.21
2,LTG1,L,G,7,5,83,0.377
2,LTG1,L,G,7,5,83,0.525
2,LTG1,L,G,7,5,83,0.674
2,LTG1,L,G,7,5,83,0.415
2,LTG1,L,G,7,5,83,0.744
2,LTG1,L,G,7,5,83,0.618
2,LTG1,L,G,7,5,83,0.471
2,LTG1,L,G,7,5,83,0.372
2,LTG1,L,G,7,5,83,0.523
2,LTG1,L,G,7,5,83,0.314
2,LTG1,L,G,7,5,83,0.606
2,LTG1,L,G,7,5,83,0.408
2,LTG1,L,G,7,5,83,0.381
2,LTG1,L,G,7,5,83,0.48
2,LTG1,L,G,7,5,83,0.542
2,LTG1,L,G,7,5,83,0.372
2,LTG1,L,G,7,5,83,0.61
2,LTG1,L,G,7,5,83,0.601
2,LTS1,L,S,7,5,83,0.625
2,LTS1,L,S,7,5,83,0.501
2,LTS1,L,S,7,5,83,0.562
2,LTS1,L,S,7,5,83,0.337
2,LTS1,L,S,7,5,83,0.599
2,LTS1,L,S,7,5,83,0.646
2,LTS1,L,S,7,5,83,0.69
2,LTS1,L,S,7,5,83,0.666
2,LTS1,L,S,7,5,83,0.441
2,LTS1,L,S,7,5,83,0.382
2,LTS1,L,S,7,5,83,0.595
2,LTS1,L,S,7,5,83,0.421
2,LTS1,L,S,7,5,83,0.456
2,LTS1,L,S,7,5,83,0.527
2,LTS1,L,S,7,5,83,0.67
2,LTS1,L,S,7,5,83,0.719
2,LTS1,L,S,7,5,83,0.239
2,LTS1,L,S,7,5,83,0.346
2,LTS1,L,S,7,5,83,0.677
2,LTS1,L,S,7,5,83,0.29
4,LTG2,L,G,7,5,83,0.59
4,LTG2,L,G,7,5,83,0.596
4,LTG2,L,G,7,5,83,0.48
4,LTG2,L,G,7,5,83,0.356
4,LTG2,L,G,7,5,83,0.552
4,LTG2,L,G,7,5,83,0.551
4,LTG2,L,G,7,5,83,0.396
4,LTG2,L,G,7,5,83,0.706
4,LTG2,L,G,7,5,83,0.263
4,LTG2,L,G,7,5,83,0.44
4,LTG2,L,G,7,5,83,0.709
4,LTG2,L,G,7,5,83,0.468
4,LTG2,L,G,7,5,83,0.333
4,LTG2,L,G,7,5,83,0.541
4,LTG2,L,G,7,5,83,0.206
4,LTG2,L,G,7,5,83,0.394
4,LTG2,L,G,7,5,83,0.28
4,LTG2,L,G,7,5,83,0.37
4,LTG2,L,G,7,5,83,0.652
4,LTG2,L,G,7,5,83,0.566
4,LTC2,L,C,7,5,83,0.583
4,LTC2,L,C,7,5,83,0.519
4,LTC2,L,C,7,5,83,0.178
4,LTC2,L,C,7,5,83,0.735
4,LTC2,L,C,7,5,83,0.462
4,LTC2,L,C,7,5,83,0.378
4,LTC2,L,C,7,5,83,0.405
4,LTC2,L,C,7,5,83,0.575
4,LTC2,L,C,7,5,83,0.532
4,LTC2,L,C,7,5,83,0.379
4,LTC2,L,C,7,5,83,0.492
4,LTC2,L,C,7,5,83,0.59
4,LTC2,L,C,7,5,83,0.606
4,LTC2,L,C,7,5,83,0.143
4,LTC2,L,C,7,5,83,0.578
4,LTC2,L,C,7,5,83,0.27
4,LTC2,L,C,7,5,83,0.527
4,LTC2,L,C,7,5,83,0.247
4,LTC2,L,C,7,5,83,0.463
4,LTC2,L,C,7,5,83,0.342
4,LTS2,L,S,7,5,83,0.658
4,LTS2,L,S,7,5,83,0.357
4,LTS2,L,S,7,5,83,0.702
4,LTS2,L,S,7,5,83,0.408
4,LTS2,L,S,7,5,83,0.448
4,LTS2,L,S,7,5,83,0.39
4,LTS2,L,S,7,5,83,0.382
4,LTS2,L,S,7,5,83,0.372
4,LTS2,L,S,7,5,83,0.536
4,LTS2,L,S,7,5,83,0.266
4,LTS2,L,S,7,5,83,0.413
4,LTS2,L,S,7,5,83,0.61
4,LTS2,L,S,7,5,83,0.433
4,LTS2,L,S,7,5,83,0.403
4,LTS2,L,S,7,5,83,0.257
4,LTS2,L,S,7,5,83,0.316
4,LTS2,L,S,7,5,83,0.524
4,LTS2,L,S,7,5,83,0.397
4,LTS2,L,S,7,5,83,0.662
4,LTS2,L,S,7,5,83,0.51
5,LTC3,L,C,7,5,83,0.479
5,LTC3,L,C,7,5,83,0.42
5,LTC3,L,C,7,5,83,0.484
5,LTC3,L,C,7,5,83,0.496
5,LTC3,L,C,7,5,83,0.367
5,LTC3,L,C,7,5,83,0.394
5,LTC3,L,C,7,5,83,0.346
5,LTC3,L,C,7,5,83,0.217
5,LTC3,L,C,7,5,83,0.417
5,LTC3,L,C,7,5,83,0.758
5,LTC3,L,C,7,5,83,0.329
5,LTC3,L,C,7,5,83,0.607
5,LTC3,L,C,7,5,83,0.63
5,LTC3,L,C,7,5,83,0.332
5,LTC3,L,C,7,5,83,0.292
5,LTC3,L,C,7,5,83,0.514
5,LTC3,L,C,7,5,83,0.346
5,LTC3,L,C,7,5,83,0.366
5,LTC3,L,C,7,5,83,0.511
5,LTC3,L,C,7,5,83,0.249
5,LTS3,L,S,7,5,83,0.468
5,LTS3,L,S,7,5,83,0.887
5,LTS3,L,S,7,5,83,0.515
5,LTS3,L,S,7,5,83,0.559
5,LTS3,L,S,7,5,83,0.468
5,LTS3,L,S,7,5,83,0.357
5,LTS3,L,S,7,5,83,0.266
5,LTS3,L,S,7,5,83,0.453
5,LTS3,L,S,7,5,83,0.393
5,LTS3,L,S,7,5,83,0.32
5,LTS3,L,S,7,5,83,0.735
5,LTS3,L,S,7,5,83,0.656
5,LTS3,L,S,7,5,83,0.947
5,LTS3,L,S,7,5,83,0.345
5,LTS3,L,S,7,5,83,0.467
5,LTS3,L,S,7,5,83,0.206
5,LTS3,L,S,7,5,83,0.477
5,LTS3,L,S,7,5,83,0.524
5,LTS3,L,S,7,5,83,0.564
5,LTS3,L,S,7,5,83,0.27
5,LTG3,L,G,7,5,83,0.303
5,LTG3,L,G,7,5,83,0.293
5,LTG3,L,G,7,5,83,0.705
5,LTG3,L,G,7,5,83,0.793
5,LTG3,L,G,7,5,83,0.485
5,LTG3,L,G,7,5,83,0.276
5,LTG3,L,G,7,5,83,0.901
5,LTG3,L,G,7,5,83,0.507
5,LTG3,L,G,7,5,83,0.384
5,LTG3,L,G,7,5,83,0.455
5,LTG3,L,G,7,5,83,0.277
5,LTG3,L,G,7,5,83,0.646
5,LTG3,L,G,7,5,83,0.619
5,LTG3,L,G,7,5,83,0.541
5,LTG3,L,G,7,5,83,0.34
5,LTG3,L,G,7,5,83,0.526
5,LTG3,L,G,7,5,83,0.504
5,LTG3,L,G,7,5,83,0.791
5,LTG3,L,G,7,5,83,0.19
5,LTG3,L,G,7,5,83,0.366
2,LTC1,L,C,7,8,104,0.794
2,LTC1,L,C,7,8,104,1.02
2,LTC1,L,C,7,8,104,1.04
2,LTC1,L,C,7,8,104,0.741
2,LTC1,L,C,7,8,104,0.532
2,LTC1,L,C,7,8,104,1.097
2,LTC1,L,C,7,8,104,0.692
2,LTC1,L,C,7,8,104,0.756
2,LTC1,L,C,7,8,104,1.028
2,LTC1,L,C,7,8,104,0.735
2,LTG1,L,G,7,8,104,0.955
2,LTG1,L,G,7,8,104,0.73
2,LTG1,L,G,7,8,104,1.011
2,LTG1,L,G,7,8,104,1.099
2,LTG1,L,G,7,8,104,1.293
2,LTG1,L,G,7,8,104,0.914
2,LTG1,L,G,7,8,104,0.912
2,LTG1,L,G,7,8,104,0.51
2,LTG1,L,G,7,8,104,1.379
2,LTG1,L,G,7,8,104,0.741
2,LTS1,L,S,7,8,104,0.876
2,LTS1,L,S,7,8,104,0.998
2,LTS1,L,S,7,8,104,0.562
2,LTS1,L,S,7,8,104,1.002
2,LTS1,L,S,7,8,104,0.838
2,LTS1,L,S,7,8,104,0.715
2,LTS1,L,S,7,8,104,0.841
2,LTS1,L,S,7,8,104,0.723
2,LTS1,L,S,7,8,104,0.808
2,LTS1,L,S,7,8,104,0.837
4,LTG2,L,G,7,8,104,1.477
4,LTG2,L,G,7,8,104,0.696
4,LTG2,L,G,7,8,104,1.298
4,LTG2,L,G,7,8,104,1.191
4,LTG2,L,G,7,8,104,0.996
4,LTG2,L,G,7,8,104,0.966
4,LTG2,L,G,7,8,104,0.955
4,LTG2,L,G,7,8,104,0.381
4,LTG2,L,G,7,8,104,1.327
4,LTG2,L,G,7,8,104,1.077
4,LTC2,L,C,7,8,104,1.421
4,LTC2,L,C,7,8,104,0.689
4,LTC2,L,C,7,8,104,0.618
4,LTC2,L,C,7,8,104,0.653
4,LTC2,L,C,7,8,104,0.866
4,LTC2,L,C,7,8,104,0.915
4,LTC2,L,C,7,8,104,0.899
4,LTC2,L,C,7,8,104,0.65
4,LTC2,L,C,7,8,104,0.631
4,LTC2,L,C,7,8,104,0.47
4,LTS2,L,S,7,8,104,0.571
4,LTS2,L,S,7,8,104,0.395
4,LTS2,L,S,7,8,104,0.828
4,LTS2,L,S,7,8,104,0.588
4,LTS2,L,S,7,8,104,0.521
4,LTS2,L,S,7,8,104,0.906
4,LTS2,L,S,7,8,104,0.69
4,LTS2,L,S,7,8,104,0.612
4,LTS2,L,S,7,8,104,0.522
4,LTS2,L,S,7,8,104,0.706
5,LTC3,L,C,7,8,104,0.645
5,LTC3,L,C,7,8,104,0.842
5,LTC3,L,C,7,8,104,0.585
5,LTC3,L,C,7,8,104,0.485
5,LTC3,L,C,7,8,104,0.932
5,LTC3,L,C,7,8,104,0.414
5,LTC3,L,C,7,8,104,0.597
5,LTC3,L,C,7,8,104,0.605
5,LTC3,L,C,7,8,104,0.348
5,LTC3,L,C,7,8,104,0.603
5,LTS3,L,S,7,8,104,0.627
5,LTS3,L,S,7,8,104,0.586
5,LTS3,L,S,7,8,104,0.212
5,LTS3,L,S,7,8,104,0.573
5,LTS3,L,S,7,8,104,0.597
5,LTS3,L,S,7,8,104,0.438
5,LTS3,L,S,7,8,104,0.667
5,LTS3,L,S,7,8,104,0.605
5,LTS3,L,S,7,8,104,0.927
5,LTS3,L,S,7,8,104,0.415
5,LTG3,L,G,7,8,104,0.64
5,LTG3,L,G,7,8,104,0.625
5,LTG3,L,G,7,8,104,0.894
5,LTG3,L,G,7,8,104,0.58
5,LTG3,L,G,7,8,104,1.228
5,LTG3,L,G,7,8,104,1.147
5,LTG3,L,G,7,8,104,0.77
5,LTG3,L,G,7,8,104,0.802
5,LTG3,L,G,7,8,104,1.418
5,LTG3,L,G,7,8,104,0.687
2,LTC1,L,C,7,9,111,0.933
2,LTC1,L,C,7,9,111,1.191
2,LTC1,L,C,7,9,111,1.164
2,LTC1,L,C,7,9,111,0.77
2,LTC1,L,C,7,9,111,0.678
2,LTC1,L,C,7,9,111,0.93
2,LTC1,L,C,7,9,111,0.72
2,LTC1,L,C,7,9,111,1.138
2,LTC1,L,C,7,9,111,0.848
2,LTC1,L,C,7,9,111,0.69
2,LTG1,L,G,7,9,111,0.804
2,LTG1,L,G,7,9,111,1.23
2,LTG1,L,G,7,9,111,0.569
2,LTG1,L,G,7,9,111,0.922
2,LTG1,L,G,7,9,111,0.966
2,LTG1,L,G,7,9,111,1.33
2,LTG1,L,G,7,9,111,1.166
2,LTG1,L,G,7,9,111,0.772
2,LTG1,L,G,7,9,111,0.516
2,LTG1,L,G,7,9,111,1.205
2,LTS1,L,S,7,9,111,1.084
2,LTS1,L,S,7,9,111,0.562
2,LTS1,L,S,7,9,111,1.196
2,LTS1,L,S,7,9,111,0.917
2,LTS1,L,S,7,9,111,1.599
2,LTS1,L,S,7,9,111,0.769
2,LTS1,L,S,7,9,111,0.878
2,LTS1,L,S,7,9,111,0.58
2,LTS1,L,S,7,9,111,0.731
2,LTS1,L,S,7,9,111,0.604
4,LTG2,L,G,7,9,111,0.626
4,LTG2,L,G,7,9,111,0.671
4,LTG2,L,G,7,9,111,1.486
4,LTG2,L,G,7,9,111,1.056
4,LTG2,L,G,7,9,111,1.053
4,LTG2,L,G,7,9,111,0.893
4,LTG2,L,G,7,9,111,1.331
4,LTG2,L,G,7,9,111,1.037
4,LTG2,L,G,7,9,111,0.721
4,LTG2,L,G,7,9,111,0.708
4,LTC2,L,C,7,9,111,1.306
4,LTC2,L,C,7,9,111,1.149
4,LTC2,L,C,7,9,111,0.698
4,LTC2,L,C,7,9,111,0.672
4,LTC2,L,C,7,9,111,1.327
4,LTC2,L,C,7,9,111,1.093
4,LTC2,L,C,7,9,111,0.492
4,LTC2,L,C,7,9,111,0.472
4,LTC2,L,C,7,9,111,0.976
4,LTC2,L,C,7,9,111,0.675
4,LTS2,L,S,7,9,111,0.534
4,LTS2,L,S,7,9,111,1.071
4,LTS2,L,S,7,9,111,0.674
4,LTS2,L,S,7,9,111,0.483
4,LTS2,L,S,7,9,111,0.816
4,LTS2,L,S,7,9,111,0.966
4,LTS2,L,S,7,9,111,0.553
4,LTS2,L,S,7,9,111,0.564
4,LTS2,L,S,7,9,111,0.596
4,LTS2,L,S,7,9,111,0.555
5,LTC3,L,C,7,9,111,0.396
5,LTC3,L,C,7,9,111,0.897
5,LTC3,L,C,7,9,111,0.649
5,LTC3,L,C,7,9,111,0.501
5,LTC3,L,C,7,9,111,0.747
5,LTC3,L,C,7,9,111,1.035
5,LTC3,L,C,7,9,111,0.787
5,LTC3,L,C,7,9,111,0.633
5,LTC3,L,C,7,9,111,0.68
5,LTC3,L,C,7,9,111,0.619
5,LTS3,L,S,7,9,111,0.5
5,LTS3,L,S,7,9,111,0.626
5,LTS3,L,S,7,9,111,1.269
5,LTS3,L,S,7,9,111,0.573
5,LTS3,L,S,7,9,111,0.804
5,LTS3,L,S,7,9,111,0.429
5,LTS3,L,S,7,9,111,0.912
5,LTS3,L,S,7,9,111,0.666
5,LTS3,L,S,7,9,111,0.856
5,LTS3,L,S,7,9,111,0.916
5,LTG3,L,G,7,9,111,1.19
5,LTG3,L,G,7,9,111,1.512
5,LTG3,L,G,7,9,111,0.785
5,LTG3,L,G,7,9,111,1.131
5,LTG3,L,G,7,9,111,0.717
5,LTG3,L,G,7,9,111,0.476
5,LTG3,L,G,7,9,111,0.783
5,LTG3,L,G,7,9,111,0.8
5,LTG3,L,G,7,9,111,0.922
5,LTG3,L,G,7,9,111,1.59
2,LTC1,L,C,7,10,118,1.255
2,LTC1,L,C,7,10,118,1.404
2,LTC1,L,C,7,10,118,0.744
2,LTC1,L,C,7,10,118,0.95
2,LTC1,L,C,7,10,118,1.085
2,LTC1,L,C,7,10,118,1.304
2,LTC1,L,C,7,10,118,0.714
2,LTC1,L,C,7,10,118,1.402
2,LTC1,L,C,7,10,118,1.151
2,LTC1,L,C,7,10,118,1.078
2,LTG1,L,G,7,10,118,0.861
2,LTG1,L,G,7,10,118,1.351
2,LTG1,L,G,7,10,118,0.849
2,LTG1,L,G,7,10,118,1.298
2,LTG1,L,G,7,10,118,1.211
2,LTG1,L,G,7,10,118,1.006
2,LTG1,L,G,7,10,118,1.141
2,LTG1,L,G,7,10,118,1.437
2,LTG1,L,G,7,10,118,1.522
2,LTG1,L,G,7,10,118,0.827
2,LTS1,L,S,7,10,118,1.073
2,LTS1,L,S,7,10,118,0.79
2,LTS1,L,S,7,10,118,0.847
2,LTS1,L,S,7,10,118,0.992
2,LTS1,L,S,7,10,118,0.576
2,LTS1,L,S,7,10,118,0.671
2,LTS1,L,S,7,10,118,0.978
2,LTS1,L,S,7,10,118,0.717
2,LTS1,L,S,7,10,118,1.214
2,LTS1,L,S,7,10,118,0.91
4,LTG2,L,G,7,10,118,1.106
4,LTG2,L,G,7,10,118,1.237
4,LTG2,L,G,7,10,118,0.61
4,LTG2,L,G,7,10,118,1.084
4,LTG2,L,G,7,10,118,1.546
4,LTG2,L,G,7,10,118,1.435
4,LTG2,L,G,7,10,118,0.84
4,LTG2,L,G,7,10,118,0.628
4,LTG2,L,G,7,10,118,0.837
4,LTG2,L,G,7,10,118,1.013
4,LTC2,L,C,7,10,118,1.502
4,LTC2,L,C,7,10,118,1.415
4,LTC2,L,C,7,10,118,0.807
4,LTC2,L,C,7,10,118,1.042
4,LTC2,L,C,7,10,118,1.132
4,LTC2,L,C,7,10,118,1.117
4,LTC2,L,C,7,10,118,1.163
4,LTC2,L,C,7,10,118,0.959
4,LTC2,L,C,7,10,118,1.431
4,LTC2,L,C,7,10,118,0.638
4,LTS2,L,S,7,10,118,0.831
4,LTS2,L,S,7,10,118,0.628
4,LTS2,L,S,7,10,118,1.154
4,LTS2,L,S,7,10,118,0.532
4,LTS2,L,S,7,10,118,0.522
4,LTS2,L,S,7,10,118,0.561
4,LTS2,L,S,7,10,118,0.738
4,LTS2,L,S,7,10,118,0.722
4,LTS2,L,S,7,10,118,1.148
4,LTS2,L,S,7,10,118,0.438
5,LTC3,L,C,7,10,118,1.057
5,LTC3,L,C,7,10,118,0.642
5,LTC3,L,C,7,10,118,0.641
5,LTC3,L,C,7,10,118,0.665
5,LTC3,L,C,7,10,118,0.537
5,LTC3,L,C,7,10,118,0.692
5,LTC3,L,C,7,10,118,0.538
5,LTC3,L,C,7,10,118,0.823
5,LTC3,L,C,7,10,118,0.728
5,LTC3,L,C,7,10,118,0.722
5,LTS3,L,S,7,10,118,0.714
5,LTS3,L,S,7,10,118,1.473
5,LTS3,L,S,7,10,118,0.589
5,LTS3,L,S,7,10,118,1.183
5,LTS3,L,S,7,10,118,1.194
5,LTS3,L,S,7,10,118,0.441
5,LTS3,L,S,7,10,118,0.765
5,LTS3,L,S,7,10,118,0.689
5,LTS3,L,S,7,10,118,0.605
5,LTS3,L,S,7,10,118,0.711
5,LTG3,L,G,7,10,118,0.903
5,LTG3,L,G,7,10,118,1.731
5,LTG3,L,G,7,10,118,1.298
5,LTG3,L,G,7,10,118,0.702
5,LTG3,L,G,7,10,118,1.134
5,LTG3,L,G,7,10,118,1.441
5,LTG3,L,G,7,10,118,0.811
5,LTG3,L,G,7,10,118,0.836
5,LTG3,L,G,7,10,118,0.836
5,LTG3,L,G,7,10,118,1.478
2,LTC1,L,C,7,11,125,1.043
2,LTC1,L,C,7,11,125,0.714
2,LTC1,L,C,7,11,125,0.769
2,LTC1,L,C,7,11,125,1.661
2,LTC1,L,C,7,11,125,1.29
2,LTC1,L,C,7,11,125,0.871
2,LTC1,L,C,7,11,125,0.896
2,LTC1,L,C,7,11,125,0.777
2,LTC1,L,C,7,11,125,0.773
2,LTC1,L,C,7,11,125,1.673
2,LTG1,L,G,7,11,125,0.849
2,LTG1,L,G,7,11,125,1.167
2,LTG1,L,G,7,11,125,1.166
2,LTG1,L,G,7,11,125,1.736
2,LTG1,L,G,7,11,125,1.585
2,LTG1,L,G,7,11,125,0.854
2,LTG1,L,G,7,11,125,1.815
2,LTG1,L,G,7,11,125,1.312
2,LTG1,L,G,7,11,125,1.052
2,LTG1,L,G,7,11,125,1.331
2,LTS1,L,S,7,11,125,0.825
2,LTS1,L,S,7,11,125,1.025
2,LTS1,L,S,7,11,125,1.415
2,LTS1,L,S,7,11,125,0.875
2,LTS1,L,S,7,11,125,1.468
2,LTS1,L,S,7,11,125,0.751
2,LTS1,L,S,7,11,125,0.552
2,LTS1,L,S,7,11,125,0.946
2,LTS1,L,S,7,11,125,0.75
2,LTS1,L,S,7,11,125,0.66
4,LTG2,L,G,7,11,125,0.496
4,LTG2,L,G,7,11,125,1.062
4,LTG2,L,G,7,11,125,1.921
4,LTG2,L,G,7,11,125,0.851
4,LTG2,L,G,7,11,125,1.092
4,LTG2,L,G,7,11,125,1.176
4,LTG2,L,G,7,11,125,0.906
4,LTG2,L,G,7,11,125,1.241
4,LTG2,L,G,7,11,125,1.638
4,LTG2,L,G,7,11,125,0.706
4,LTC2,L,C,7,11,125,1.215
4,LTC2,L,C,7,11,125,0.977
4,LTC2,L,C,7,11,125,1.292
4,LTC2,L,C,7,11,125,0.582
4,LTC2,L,C,7,11,125,1.259
4,LTC2,L,C,7,11,125,1.224
4,LTC2,L,C,7,11,125,1.144
4,LTC2,L,C,7,11,125,1.962
4,LTC2,L,C,7,11,125,1.641
4,LTC2,L,C,7,11,125,1.653
4,LTS2,L,S,7,11,125,0.737
4,LTS2,L,S,7,11,125,0.477
4,LTS2,L,S,7,11,125,1.058
4,LTS2,L,S,7,11,125,0.689
4,LTS2,L,S,7,11,125,0.776
4,LTS2,L,S,7,11,125,0.752
4,LTS2,L,S,7,11,125,0.794
4,LTS2,L,S,7,11,125,0.57
4,LTS2,L,S,7,11,125,0.96
4,LTS2,L,S,7,11,125,0.901
5,LTC3,L,C,7,11,125,0.812
5,LTC3,L,C,7,11,125,0.49
5,LTC3,L,C,7,11,125,0.943
5,LTC3,L,C,7,11,125,0.769
5,LTC3,L,C,7,11,125,0.808
5,LTC3,L,C,7,11,125,1.106
5,LTC3,L,C,7,11,125,0.857
5,LTC3,L,C,7,11,125,0.748
5,LTC3,L,C,7,11,125,0.488
5,LTC3,L,C,7,11,125,0.858
5,LTS3,L,S,7,11,125,0.686
5,LTS3,L,S,7,11,125,0.711
5,LTS3,L,S,7,11,125,0.757
5,LTS3,L,S,7,11,125,0.886
5,LTS3,L,S,7,11,125,0.765
5,LTS3,L,S,7,11,125,1.644
5,LTS3,L,S,7,11,125,0.822
5,LTS3,L,S,7,11,125,0.756
5,LTS3,L,S,7,11,125,0.63
5,LTS3,L,S,7,11,125,0.714
5,LTG3,L,G,7,11,125,0.901
5,LTG3,L,G,7,11,125,1.602
5,LTG3,L,G,7,11,125,1.573
5,LTG3,L,G,7,11,125,1.527
5,LTG3,L,G,7,11,125,1.287
5,LTG3,L,G,7,11,125,1.031
5,LTG3,L,G,7,11,125,1.159
5,LTG3,L,G,7,11,125,1.812
5,LTG3,L,G,7,11,125,1.527
5,LTG3,L,G,7,11,125,1.489
2,LTC1,L,C,7,12,132,0.986
2,LTC1,L,C,7,12,132,0.923
2,LTC1,L,C,7,12,132,1.876
2,LTC1,L,C,7,12,132,0.818
2,LTC1,L,C,7,12,132,1.008
2,LTC1,L,C,7,12,132,0.906
2,LTC1,L,C,7,12,132,1.456
2,LTC1,L,C,7,12,132,1.328
2,LTC1,L,C,7,12,132,0.924
2,LTC1,L,C,7,12,132,1.326
2,LTG1,L,G,7,12,132,1.558
2,LTG1,L,G,7,12,132,1.833
2,LTG1,L,G,7,12,132,1.176
2,LTG1,L,G,7,12,132,1.422
2,LTG1,L,G,7,12,132,1.702
2,LTG1,L,G,7,12,132,0.881
2,LTG1,L,G,7,12,132,0.857
2,LTG1,L,G,7,12,132,1.31
2,LTG1,L,G,7,12,132,1.821
2,LTG1,L,G,7,12,132,0.708
2,LTS1,L,S,7,12,132,1.17
2,LTS1,L,S,7,12,132,1.084
2,LTS1,L,S,7,12,132,1.226
2,LTS1,L,S,7,12,132,0.894
2,LTS1,L,S,7,12,132,0.65
2,LTS1,L,S,7,12,132,1.114
2,LTS1,L,S,7,12,132,1.501
2,LTS1,L,S,7,12,132,0.951
2,LTS1,L,S,7,12,132,1.428
2,LTS1,L,S,7,12,132,0.686
4,LTG2,L,G,7,12,132,1.447
4,LTG2,L,G,7,12,132,0.814
4,LTG2,L,G,7,12,132,1.194
4,LTG2,L,G,7,12,132,0.827
4,LTG2,L,G,7,12,132,1.202
4,LTG2,L,G,7,12,132,1.542
4,LTG2,L,G,7,12,132,0.9
4,LTG2,L,G,7,12,132,1.297
4,LTG2,L,G,7,12,132,0.879
4,LTG2,L,G,7,12,132,1.253
4,LTC2,L,C,7,12,132,1.051
4,LTC2,L,C,7,12,132,1.725
4,LTC2,L,C,7,12,132,1.826
4,LTC2,L,C,7,12,132,0.839
4,LTC2,L,C,7,12,132,0.909
4,LTC2,L,C,7,12,132,0.73
4,LTC2,L,C,7,12,132,1.302
4,LTC2,L,C,7,12,132,1.207
4,LTC2,L,C,7,12,132,1.217
4,LTC2,L,C,7,12,132,1.422
4,LTS2,L,S,7,12,132,1.752
4,LTS2,L,S,7,12,132,0.712
4,LTS2,L,S,7,12,132,0.818
4,LTS2,L,S,7,12,132,0.836
4,LTS2,L,S,7,12,132,1.141
4,LTS2,L,S,7,12,132,0.731
4,LTS2,L,S,7,12,132,0.723
4,LTS2,L,S,7,12,132,0.882
4,LTS2,L,S,7,12,132,1.165
4,LTS2,L,S,7,12,132,1.206
5,LTC3,L,C,7,12,132,0.901
5,LTC3,L,C,7,12,132,0.759
5,LTC3,L,C,7,12,132,0.743
5,LTC3,L,C,7,12,132,1.011
5,LTC3,L,C,7,12,132,0.924
5,LTC3,L,C,7,12,132,0.779
5,LTC3,L,C,7,12,132,0.84
5,LTC3,L,C,7,12,132,1.247
5,LTC3,L,C,7,12,132,0.477
5,LTC3,L,C,7,12,132,0.981
5,LTS3,L,S,7,12,132,0.706
5,LTS3,L,S,7,12,132,1.575
5,LTS3,L,S,7,12,132,0.905
5,LTS3,L,S,7,12,132,0.73
5,LTS3,L,S,7,12,132,0.807
5,LTS3,L,S,7,12,132,1.04
5,LTS3,L,S,7,12,132,0.374
5,LTS3,L,S,7,12,132,1.026
5,LTS3,L,S,7,12,132,0.651
5,LTS3,L,S,7,12,132,0.564
5,LTG3,L,G,7,12,132,1.377
5,LTG3,L,G,7,12,132,1.278
5,LTG3,L,G,7,12,132,2.069
5,LTG3,L,G,7,12,132,1.373
5,LTG3,L,G,7,12,132,0.925
5,LTG3,L,G,7,12,132,1.609
5,LTG3,L,G,7,12,132,1.623
5,LTG3,L,G,7,12,132,1.672
5,LTG3,L,G,7,12,132,1.318
5,LTG3,L,G,7,12,132,0.901
2,LTC1,L,C,7,13,139,0.815
2,LTC1,L,C,7,13,139,1.1
2,LTC1,L,C,7,13,139,1.248
2,LTC1,L,C,7,13,139,1.432
2,LTC1,L,C,7,13,139,1.798
2,LTC1,L,C,7,13,139,1.038
2,LTC1,L,C,7,13,139,0.878
2,LTC1,L,C,7,13,139,0.838
2,LTC1,L,C,7,13,139,1.126
2,LTC1,L,C,7,13,139,1.287
2,LTG1,L,G,7,13,139,1.975
2,LTG1,L,G,7,13,139,0.945
2,LTG1,L,G,7,13,139,1.63
2,LTG1,L,G,7,13,139,1.481
2,LTG1,L,G,7,13,139,1.54
2,LTG1,L,G,7,13,139,1.927
2,LTG1,L,G,7,13,139,1.268
2,LTG1,L,G,7,13,139,1.105
2,LTG1,L,G,7,13,139,1.42
2,LTG1,L,G,7,13,139,0.902
2,LTS1,L,S,7,13,139,0.853
2,LTS1,L,S,7,13,139,1.456
2,LTS1,L,S,7,13,139,0.759
2,LTS1,L,S,7,13,139,1.283
2,LTS1,L,S,7,13,139,0.908
2,LTS1,L,S,7,13,139,0.678
2,LTS1,L,S,7,13,139,1.104
2,LTS1,L,S,7,13,139,0.794
2,LTS1,L,S,7,13,139,1.102
2,LTS1,L,S,7,13,139,1.139
4,LTG2,L,G,7,13,139,0.995
4,LTG2,L,G,7,13,139,0.862
4,LTG2,L,G,7,13,139,1.348
4,LTG2,L,G,7,13,139,2.319
4,LTG2,L,G,7,13,139,1.38
4,LTG2,L,G,7,13,139,1.164
4,LTG2,L,G,7,13,139,1.214
4,LTG2,L,G,7,13,139,1.52
4,LTG2,L,G,7,13,139,0.966
4,LTG2,L,G,7,13,139,1.458
4,LTC2,L,C,7,13,139,1.083
4,LTC2,L,C,7,13,139,0.887
4,LTC2,L,C,7,13,139,1.664
4,LTC2,L,C,7,13,139,1.23
4,LTC2,L,C,7,13,139,0.476
4,LTC2,L,C,7,13,139,1.495
4,LTC2,L,C,7,13,139,1.485
4,LTC2,L,C,7,13,139,0.97
4,LTC2,L,C,7,13,139,0.642
4,LTC2,L,C,7,13,139,2.044
4,LTS2,L,S,7,13,139,0.89
4,LTS2,L,S,7,13,139,0.744
4,LTS2,L,S,7,13,139,1.369
4,LTS2,L,S,7,13,139,1.159
4,LTS2,L,S,7,13,139,0.886
4,LTS2,L,S,7,13,139,1.151
4,LTS2,L,S,7,13,139,1.295
4,LTS2,L,S,7,13,139,1.126
4,LTS2,L,S,7,13,139,0.981
4,LTS2,L,S,7,13,139,1.371
5,LTC3,L,C,7,13,139,0.752
5,LTC3,L,C,7,13,139,0.719
5,LTC3,L,C,7,13,139,0.722
5,LTC3,L,C,7,13,139,1.395
5,LTC3,L,C,7,13,139,1.082
5,LTC3,L,C,7,13,139,1.2
5,LTC3,L,C,7,13,139,0.872
5,LTC3,L,C,7,13,139,0.519
5,LTC3,L,C,7,13,139,1.001
5,LTC3,L,C,7,13,139,1.287
5,LTS3,L,S,7,13,139,0.8
5,LTS3,L,S,7,13,139,0.925
5,LTS3,L,S,7,13,139,0.7
5,LTS3,L,S,7,13,139,0.885
5,LTS3,L,S,7,13,139,0.676
5,LTS3,L,S,7,13,139,1.434
5,LTS3,L,S,7,13,139,0.964
5,LTS3,L,S,7,13,139,0.89
5,LTS3,L,S,7,13,139,0.877
5,LTS3,L,S,7,13,139,1.244
5,LTG3,L,G,7,13,139,2.238
5,LTG3,L,G,7,13,139,1.427
5,LTG3,L,G,7,13,139,1.523
5,LTG3,L,G,7,13,139,1.703
5,LTG3,L,G,7,13,139,1.809
5,LTG3,L,G,7,13,139,0.995
5,LTG3,L,G,7,13,139,0.956
5,LTG3,L,G,7,13,139,1.152
5,LTG3,L,G,7,13,139,1.758
5,LTG3,L,G,7,13,139,0.99
2,LTC1,L,C,7,14,146,1.48
2,LTC1,L,C,7,14,146,0.817
2,LTC1,L,C,7,14,146,0.905
2,LTC1,L,C,7,14,146,1.481
2,LTC1,L,C,7,14,146,1.627
2,LTC1,L,C,7,14,146,1.256
2,LTC1,L,C,7,14,146,1.135
2,LTC1,L,C,7,14,146,1.792
2,LTC1,L,C,7,14,146,1.023
2,LTC1,L,C,7,14,146,0.896
2,LTG1,L,G,7,14,146,1.234
2,LTG1,L,G,7,14,146,1.37
2,LTG1,L,G,7,14,146,1.078
2,LTG1,L,G,7,14,146,1.874
2,LTG1,L,G,7,14,146,0.812
2,LTG1,L,G,7,14,146,1.858
2,LTG1,L,G,7,14,146,1.621
2,LTG1,L,G,7,14,146,1.841
2,LTG1,L,G,7,14,146,1.593
2,LTG1,L,G,7,14,146,1.185
2,LTS1,L,S,7,14,146,1.358
2,LTS1,L,S,7,14,146,1.194
2,LTS1,L,S,7,14,146,1.165
2,LTS1,L,S,7,14,146,1.13
2,LTS1,L,S,7,14,146,1.183
2,LTS1,L,S,7,14,146,0.714
2,LTS1,L,S,7,14,146,0.896
2,LTS1,L,S,7,14,146,1.438
2,LTS1,L,S,7,14,146,0.742
2,LTS1,L,S,7,14,146,0.622
4,LTG2,L,G,7,14,146,0.92
4,LTG2,L,G,7,14,146,1.052
4,LTG2,L,G,7,14,146,1.569
4,LTG2,L,G,7,14,146,1.303
4,LTG2,L,G,7,14,146,1.336
4,LTG2,L,G,7,14,146,0.94
4,LTG2,L,G,7,14,146,2.525
4,LTG2,L,G,7,14,146,1.562
4,LTG2,L,G,7,14,146,1.148
4,LTG2,L,G,7,14,146,0.922
4,LTC2,L,C,7,14,146,1.009
4,LTC2,L,C,7,14,146,1.032
4,LTC2,L,C,7,14,146,1.446
4,LTC2,L,C,7,14,146,1.227
4,LTC2,L,C,7,14,146,1.029
4,LTC2,L,C,7,14,146,1.06
4,LTC2,L,C,7,14,146,1.369
4,LTC2,L,C,7,14,146,1.819
4,LTC2,L,C,7,14,146,1.099
4,LTC2,L,C,7,14,146,1.397
4,LTS2,L,S,7,14,146,1.397
4,LTS2,L,S,7,14,146,0.642
4,LTS2,L,S,7,14,146,0.904
4,LTS2,L,S,7,14,146,0.749
4,LTS2,L,S,7,14,146,0.928
4,LTS2,L,S,7,14,146,1.174
4,LTS2,L,S,7,14,146,1.552
4,LTS2,L,S,7,14,146,0.813
4,LTS2,L,S,7,14,146,0.824
4,LTS2,L,S,7,14,146,1.136
5,LTC3,L,C,7,14,146,0.904
5,LTC3,L,C,7,14,146,0.864
5,LTC3,L,C,7,14,146,0.842
5,LTC3,L,C,7,14,146,0.921
5,LTC3,L,C,7,14,146,0.951
5,LTC3,L,C,7,14,146,0.784
5,LTC3,L,C,7,14,146,0.929
5,LTC3,L,C,7,14,146,1.154
5,LTC3,L,C,7,14,146,0.876
5,LTC3,L,C,7,14,146,1.475
5,LTS3,L,S,7,14,146,0.796
5,LTS3,L,S,7,14,146,1.045
5,LTS3,L,S,7,14,146,1.122
5,LTS3,L,S,7,14,146,0.718
5,LTS3,L,S,7,14,146,1.063
5,LTS3,L,S,7,14,146,0.85
5,LTS3,L,S,7,14,146,0.772
5,LTS3,L,S,7,14,146,0.986
5,LTS3,L,S,7,14,146,0.907
5,LTS3,L,S,7,14,146,2.188
5,LTG3,L,G,7,14,146,1.708
5,LTG3,L,G,7,14,146,1.888
5,LTG3,L,G,7,14,146,1.915
5,LTG3,L,G,7,14,146,1.81
5,LTG3,L,G,7,14,146,2.17
5,LTG3,L,G,7,14,146,0.959
5,LTG3,L,G,7,14,146,1.88
5,LTG3,L,G,7,14,146,0.961
5,LTG3,L,G,7,14,146,1.179
5,LTG3,L,G,7,14,146,1.408
2,LTC1,L,C,7,15,153,0.814
2,LTC1,L,C,7,15,153,1.76
2,LTC1,L,C,7,15,153,1.693
2,LTC1,L,C,7,15,153,0.955
2,LTC1,L,C,7,15,153,1.105
2,LTC1,L,C,7,15,153,1.302
2,LTC1,L,C,7,15,153,1.663
2,LTC1,L,C,7,15,153,1.334
2,LTC1,L,C,7,15,153,1.998
2,LTC1,L,C,7,15,153,1.096
2,LTG1,L,G,7,15,153,1.556
2,LTG1,L,G,7,15,153,1.54
2,LTG1,L,G,7,15,153,1.024
2,LTG1,L,G,7,15,153,1.414
2,LTG1,L,G,7,15,153,2.157
2,LTG1,L,G,7,15,153,1.973
2,LTG1,L,G,7,15,153,1.519
2,LTG1,L,G,7,15,153,1.985
2,LTG1,L,G,7,15,153,1.001
2,LTG1,L,G,7,15,153,0.824
2,LTS1,L,S,7,15,153,1.091
2,LTS1,L,S,7,15,153,0.927
2,LTS1,L,S,7,15,153,0.903
2,LTS1,L,S,7,15,153,1.402
2,LTS1,L,S,7,15,153,1.044
2,LTS1,L,S,7,15,153,0.728
2,LTS1,L,S,7,15,153,0.786
2,LTS1,L,S,7,15,153,0.604
2,LTS1,L,S,7,15,153,1.184
2,LTS1,L,S,7,15,153,1.504
4,LTG2,L,G,7,15,153,1.998
4,LTG2,L,G,7,15,153,1.005
4,LTG2,L,G,7,15,153,2.067
4,LTG2,L,G,7,15,153,0.961
4,LTG2,L,G,7,15,153,1.009
4,LTG2,L,G,7,15,153,1.366
4,LTG2,L,G,7,15,153,1.517
4,LTG2,L,G,7,15,153,1.326
4,LTG2,L,G,7,15,153,1.575
4,LTG2,L,G,7,15,153,1.098
4,LTC2,L,C,7,15,153,1.662
4,LTC2,L,C,7,15,153,1.111
4,LTC2,L,C,7,15,153,1.545
4,LTC2,L,C,7,15,153,1.549
4,LTC2,L,C,7,15,153,1.553
4,LTC2,L,C,7,15,153,0.79
4,LTC2,L,C,7,15,153,0.915
4,LTC2,L,C,7,15,153,1.411
4,LTC2,L,C,7,15,153,1.947
4,LTC2,L,C,7,15,153,1.032
4,LTS2,L,S,7,15,153,1.192
4,LTS2,L,S,7,15,153,0.857
4,LTS2,L,S,7,15,153,1.541
4,LTS2,L,S,7,15,153,1.207
4,LTS2,L,S,7,15,153,0.802
4,LTS2,L,S,7,15,153,0.81
4,LTS2,L,S,7,15,153,0.707
4,LTS2,L,S,7,15,153,1.031
4,LTS2,L,S,7,15,153,0.842
4,LTS2,L,S,7,15,153,1.21
5,LTC3,L,C,7,15,153,0.677
5,LTC3,L,C,7,15,153,0.856
5,LTC3,L,C,7,15,153,1.403
5,LTC3,L,C,7,15,153,0.904
5,LTC3,L,C,7,15,153,0.674
5,LTC3,L,C,7,15,153,0.966
5,LTC3,L,C,7,15,153,0.863
5,LTC3,L,C,7,15,153,1.019
5,LTC3,L,C,7,15,153,0.857
5,LTC3,L,C,7,15,153,0.935
5,LTS3,L,S,7,15,153,0.875
5,LTS3,L,S,7,15,153,1.343
5,LTS3,L,S,7,15,153,0.962
5,LTS3,L,S,7,15,153,1.11
5,LTS3,L,S,7,15,153,1.328
5,LTS3,L,S,7,15,153,0.969
5,LTS3,L,S,7,15,153,1.112
5,LTS3,L,S,7,15,153,2.327
5,LTS3,L,S,7,15,153,0.828
5,LTS3,L,S,7,15,153,1.552
5,LTG3,L,G,7,15,153,1.246
5,LTG3,L,G,7,15,153,0.922
5,LTG3,L,G,7,15,153,0.917
5,LTG3,L,G,7,15,153,1.569
5,LTG3,L,G,7,15,153,1.006
5,LTG3,L,G,7,15,153,1.91
5,LTG3,L,G,7,15,153,1.322
5,LTG3,L,G,7,15,153,1.535
5,LTG3,L,G,7,15,153,2.434
5,LTG3,L,G,7,15,153,1.053